Chromosome,Position,Ref,Alt,EFFECT,AA_REF,AA_ALT,Grantham_Score,Grantham_Category,VAF,DP,REVEL,BAYESDEL,TCGA_COUNT,Pathogenicity_Prediction,Pathogenicity_Confidence,Origin_Prediction,Origin_Confidence
chr17,7675113,C,G,missense,Q,E,29,conservative,0.201,128,0.467,-0.0257,0,Functional,0.9,Somatic,1.0
chr17,7675048,G,A,intronic,.,.,0,conservative,0.354,68,0.0,0.0,1,Functional,0.743,Germline,0.619
chr17,7675155,C,G,missense,P,A,27,conservative,0.382,391,0.369,-0.0918,0,Functional,0.886,Somatic,0.927
chr17,7674876,C,T,missense,P,S,74,moderately_conservative,0.476,55,0.96,0.5933,0,Non-functional,0.916,Germline,0.947
chr17,7675177,G,A,silent,L,L,0,conservative,0.153,452,0.0,0.0,0,Functional,0.743,Somatic,0.997
chr17,7673826,T,G,missense,L,R,102,moderately_radical,0.146,230,0.965,0.6013,4,Non-functional,0.963,Somatic,0.986
chr17,7673554,G,C,missense,G,A,60,moderately_conservative,0.096,56,0.271,-0.1319,0,Functional,0.907,Somatic,0.881
chr17,7675105,G,T,missense,M,I,10,conservative,0.02,443,0.597,0.0496,0,Functional,0.63,Somatic,1.0
chr17,7673579,C,A,missense,Q,K,53,moderately_conservative,0.534,57,0.321,-0.1674,1,Functional,0.967,Germline,0.959
chr17,7670682,G,T,nonsense,E,*,0,conservative,0.551,60,0.0,0.0,25,Non-functional,1.0,Germline,0.904
chr17,7674862,T,A,silent,P,P,0,conservative,0.19,424,0.0,0.0,0,Functional,0.743,Somatic,0.997
chr17,7675994,G,A,splice,T,T,0,conservative,0.541,71,0.0,0.0,20,Non-functional,1.0,Germline,0.907
chr17,7673796,G,A,missense,C,Y,194,radical,0.494,45,0.972,0.6004,62,Non-functional,0.968,Germline,0.996
chr17,7669638,T,C,missense,F,L,22,conservative,0.11,188,0.286,-0.3063,0,Functional,0.817,Somatic,0.997
chr17,7673748,A,T,missense,K,M,95,moderately_conservative,0.032,247,0.796,0.2022,0,Non-functional,0.629,Somatic,0.998
chr17,7673807,G,C,missense,E,D,45,conservative,0.223,172,0.843,0.3258,0,Non-functional,0.608,Somatic,1.0
chr17,7670716,G,C,splice,.,.,0,conservative,0.173,233,0.0,0.0,15,Non-functional,1.0,Somatic,0.997
chr17,7674888,A,G,missense,S,G,56,moderately_conservative,0.557,37,0.896,0.321,29,Non-functional,0.831,Germline,0.999
chr17,7674876,C,T,missense,P,S,74,moderately_conservative,0.511,98,0.96,0.5933,0,Non-functional,0.916,Germline,0.937
chr17,7673765,G,C,missense,E,D,45,conservative,0.317,239,0.524,-0.0774,0,Functional,0.62,Somatic,0.983
chr17,7674962,C,G,missense,P,R,103,moderately_radical,0.119,211,0.846,0.3216,5,Non-functional,0.836,Somatic,0.993
chr17,7673537,C,T,nonsense,Q,*,0,conservative,0.411,82,0.0,0.0,65,Non-functional,1.0,Germline,0.862
chr17,7676394,A,G,silent,E,E,0,conservative,0.444,499,0.0,0.0,0,Functional,0.743,Somatic,0.959
chr17,7673808,A,T,missense,E,V,121,moderately_radical,0.6,55,0.972,0.5971,8,Non-functional,0.937,Germline,0.985
chr17,7673806,G,A,missense,V,M,21,conservative,0.517,56,0.907,0.5009,86,Non-functional,0.883,Germline,0.994
chr17,7675148,C,T,missense,T,I,89,moderately_conservative,0.208,148,0.597,0.1755,8,Non-functional,0.571,Somatic,0.96
chr17,7675121,A,T,missense,K,M,95,moderately_conservative,0.21,416,0.925,0.5129,0,Non-functional,0.887,Somatic,1.0
chr17,7673794,G,C,missense,A,P,27,conservative,0.235,185,0.949,0.5669,7,Non-functional,0.864,Somatic,0.997
chr17,7673717,A,T,silent,P,P,0,conservative,0.165,191,0.0,0.0,0,Functional,0.743,Somatic,0.997
chr17,7675218,A,C,missense,K,Q,53,moderately_conservative,0.347,250,0.944,0.5995,9,Non-functional,0.905,Somatic,0.947
chr17,7675224,C,T,missense,L,F,22,conservative,0.396,39,0.921,0.5537,27,Non-functional,0.88,Germline,0.965
chr17,7675077,C,T,missense,H,Y,83,moderately_conservative,0.41,92,0.948,0.6022,97,Non-functional,0.981,Germline,0.955
chr17,7675201,G,T,silent,L,L,0,conservative,0.266,432,0.0,0.0,0,Functional,0.743,Somatic,0.992
chr17,7675214,T,C,missense,M,T,81,moderately_conservative,0.487,98,0.78,0.3779,7,Non-functional,0.857,Germline,0.993
chr17,7676435,C,A,intronic,.,.,0,conservative,0.506,111,0.0,0.0,0,Functional,0.743,Germline,0.781
chr17,7674290,G,C,missense,V,L,32,conservative,0.202,255,0.4,-0.0761,0,Functional,0.945,Somatic,1.0
chr17,7674244,G,A,missense,S,N,46,conservative,0.301,174,0.75,0.1025,0,Non-functional,0.564,Somatic,0.989
chr17,7674963,C,T,missense,P,S,74,moderately_conservative,0.257,385,0.788,0.2026,9,Non-functional,0.841,Somatic,0.984
chr17,7675088,G,T,missense,R,L,102,moderately_radical,0.339,58,0.96,0.573,15,Non-functional,0.974,Germline,0.681
chr17,7673703,G,A,missense,R,Q,43,conservative,0.534,101,0.764,0.2652,1,Non-functional,0.75,Germline,0.956
chr17,7674196,C,T,missense,T,I,89,moderately_conservative,0.443,116,0.932,0.5866,3,Non-functional,0.828,Germline,0.898
chr17,7674210,C,A,silent,I,I,0,conservative,0.152,482,0.0,0.0,1,Functional,0.812,Somatic,0.998
chr17,7670199,G,A,intronic,.,.,0,conservative,0.484,114,0.0,0.0,0,Functional,0.743,Germline,0.785
chr17,7675080,C,A,missense,H,N,68,moderately_conservative,0.26,280,0.722,0.008,1,Non-functional,0.66,Somatic,0.994
chr17,7675212,T,G,missense,F,V,50,conservative,0.211,216,0.959,0.3941,9,Non-functional,0.863,Somatic,0.991
chr17,7673775,G,C,missense,R,P,103,moderately_radical,0.538,61,0.911,0.5568,13,Non-functional,0.979,Germline,0.993
chr17,7675055,A,T,missense,D,V,152,radical,0.13,212,0.8,0.3304,0,Functional,0.585,Somatic,1.0
chr17,7676405,A,T,splice,.,.,0,conservative,0.049,192,0.0,0.0,1,Non-functional,1.0,Somatic,0.998
chr17,7674934,A,G,silent,G,G,0,conservative,0.067,388,0.0,0.0,0,Functional,0.743,Somatic,0.997
chr17,7674858,G,T,splice,.,.,0,conservative,0.145,249,0.0,0.0,45,Non-functional,1.0,Somatic,0.993
