Chromosome,Position,Ref,Alt,EFFECT,AA_REF,AA_ALT,Grantham_Score,Grantham_Category,VAF,DP,REVEL,BAYESDEL,TCGA_COUNT,Pathogenicity_Prediction,Pathogenicity_Confidence,Origin_Prediction,Origin_Confidence,NF_Origin_Prediction,NF_Origin_Confidence
chr17,7674879,G,A,missense,V,M,21.0,conservative,0.504,88,0.873,0.3512,2,Non-functional,0.841,Germline,0.945,Germline,0.942
chr17,7673767,G,A,missense,E,K,56.0,moderately_conservative,0.54,37,0.91,0.4445,160,Non-functional,0.876,Germline,0.988,Germline,0.994
chr17,7673767,G,C,missense,E,Q,29.0,conservative,0.324,77,0.883,0.3581,2,Non-functional,0.714,Germline,0.502,Somatic,0.674
chr17,7674266,C,G,missense,H,D,81.0,moderately_conservative,0.49,94,0.876,0.429,0,Non-functional,0.765,Germline,0.986,Germline,0.948
chr17,7673796,G,A,missense,C,Y,194.0,radical,0.479,105,0.972,0.6004,62,Non-functional,0.968,Germline,0.997,Germline,0.991
chr17,7673823,G,A,missense,G,E,98.0,moderately_conservative,0.55,46,0.973,0.599,72,Non-functional,0.897,Germline,0.985,Germline,0.986
chr17,7674965,C,A,missense,A,D,126.0,moderately_radical,0.485,66,0.817,0.4894,0,Non-functional,0.778,Germline,0.984,Germline,0.942
chr17,7676215,C,T,nonsense,Q,*,,N/A,0.517,70,0.0,0.0,13,Non-functional,1.0,Germline,0.903,Germline,0.787
chr17,7676399,C,T,missense,P,S,74.0,moderately_conservative,0.51,109,0.623,0.0811,9,Functional,0.841,Germline,0.895,N/A,
chr17,7676273,G,A,splice,.,.,,N/A,0.55,54,0.0,0.0,25,Non-functional,1.0,Germline,0.918,Germline,0.801
chr17,7674262,A,G,missense,Y,C,194.0,radical,0.465,93,0.945,0.5288,101,Non-functional,0.934,Germline,0.993,Germline,0.93
chr17,7675148,C,T,missense,T,I,89.0,moderately_conservative,0.578,70,0.597,0.1755,8,Non-functional,0.571,Germline,0.987,Germline,0.964
chr17,7676050,T,C,missense,Y,H,83.0,moderately_conservative,0.446,98,0.569,0.0202,3,Functional,0.603,Germline,0.913,N/A,
chr17,7675051,T,A,splice,.,.,,N/A,0.523,74,0.0,0.0,0,Non-functional,1.0,Germline,0.746,Germline,0.678
chr17,7673797,T,C,missense,C,R,180.0,radical,0.513,96,0.962,0.6049,16,Non-functional,0.974,Germline,0.967,Germline,0.859
chr17,7673579,C,A,missense,Q,K,53.0,moderately_conservative,0.6,62,0.321,-0.1674,1,Functional,0.967,Germline,0.938,N/A,
chr17,7674962,C,T,missense,P,L,98.0,moderately_conservative,0.439,111,0.824,0.2956,35,Non-functional,0.942,Germline,0.976,Germline,0.92
chr17,7673567,A,G,missense,K,E,56.0,moderately_conservative,0.529,101,0.722,0.267,0,Non-functional,0.526,Germline,0.961,Germline,0.947
chr17,7675131,G,A,missense,A,T,58.0,moderately_conservative,0.471,91,0.79,0.2766,34,Non-functional,0.871,Germline,0.993,Germline,0.922
chr17,7674212,A,C,missense,I,L,5.0,conservative,0.414,80,0.882,0.5139,5,Non-functional,0.846,Germline,0.985,Germline,0.957
chr17,7675993,G,A,splice,.,.,,N/A,0.539,44,0.0,0.0,29,Non-functional,1.0,Germline,0.932,Germline,0.819
chr17,7674268,T,C,missense,I,T,89.0,moderately_conservative,0.386,38,0.92,0.5446,9,Non-functional,0.802,Germline,0.965,Germline,0.941
chr17,7676037,T,C,missense,L,P,98.0,moderately_conservative,0.427,69,0.864,0.4624,19,Non-functional,0.957,Germline,0.989,Germline,0.981
chr17,7676011,A,T,nonsense,K,*,,N/A,0.489,110,0.0,0.0,2,Non-functional,1.0,Germline,0.816,Germline,0.71
chr17,7674918,T,G,missense,Y,D,160.0,radical,0.55,87,0.925,0.579,11,Non-functional,0.985,Germline,0.988,Germline,0.977
chr17,7674227,A,C,missense,M,L,15.0,conservative,0.534,102,0.865,0.2953,4,Non-functional,0.747,Germline,0.983,Germline,0.855
chr17,7673740,G,T,nonsense,E,*,,N/A,0.503,100,0.0,0.0,74,Non-functional,1.0,Germline,0.888,Germline,0.812
chr17,7674859,G,T,splice,E,D,,N/A,0.363,54,0.0,0.0,11,Non-functional,1.0,Germline,0.853,Germline,0.648
chr17,7674262,A,G,missense,Y,C,194.0,radical,0.442,75,0.945,0.5288,101,Non-functional,0.934,Germline,0.997,Germline,0.97
chr17,7673796,G,A,missense,C,Y,194.0,radical,0.458,52,0.972,0.6004,62,Non-functional,0.968,Germline,0.996,Germline,0.97
chr17,7676060,C,A,nonsense,Y,*,,N/A,0.411,88,0.0,0.0,10,Non-functional,1.0,Germline,0.81,Germline,0.723
chr17,7670669,C,A,missense,A,D,126.0,moderately_radical,0.345,37,0.812,0.2301,2,Non-functional,0.55,Germline,0.725,Somatic,0.658
chr17,7670670,G,A,missense,A,T,58.0,moderately_conservative,0.493,80,0.648,-0.0188,2,Functional,0.612,Germline,0.873,N/A,
chr17,7673609,G,A,splice,.,.,,N/A,0.537,101,0.0,0.0,18,Non-functional,1.0,Germline,0.908,Germline,0.786
chr17,7673703,G,C,missense,R,P,103.0,moderately_radical,0.452,61,0.79,0.4579,0,Non-functional,0.917,Germline,0.953,Germline,0.925
chr17,7675211,T,A,missense,F,Y,22.0,conservative,0.549,54,0.637,0.2132,0,Non-functional,0.662,Germline,0.943,Germline,0.929
chr17,7674865,G,A,silent,P,P,,N/A,0.378,33,0.0,0.0,1,Functional,1.0,Germline,0.787,N/A,
chr17,7674214,C,T,missense,P,L,98.0,moderately_conservative,0.406,107,0.962,0.6029,45,Non-functional,0.841,Germline,0.953,Germline,0.932
chr17,7675094,T,C,missense,V,A,64.0,moderately_conservative,0.491,69,0.758,0.567,7,Non-functional,0.905,Germline,0.986,Germline,0.96
chr17,7674242,T,A,missense,S,T,58.0,moderately_conservative,0.446,75,0.922,0.5249,3,Non-functional,0.899,Germline,0.984,Germline,0.923
chr17,7673743,G,T,missense,G,W,184.0,radical,0.53,66,0.675,0.2026,3,Functional,0.666,Germline,0.975,N/A,
chr17,7670670,G,A,missense,A,T,58.0,moderately_conservative,0.517,58,0.648,-0.0188,2,Functional,0.612,Germline,0.886,N/A,
chr17,7674872,A,G,missense,Y,C,194.0,radical,0.451,39,0.936,0.5625,329,Non-functional,0.989,Germline,0.997,Germline,0.982
chr17,7669640,T,C,missense,M,T,81.0,moderately_conservative,0.384,92,0.329,-0.1212,0,Functional,0.812,Germline,0.832,N/A,
chr17,7670685,C,T,nonsense,R,*,,N/A,0.442,111,0.0,0.0,300,Non-functional,1.0,Germline,0.901,Germline,0.796
chr17,7675157,C,G,missense,P,R,103.0,moderately_radical,0.518,74,0.853,0.5317,3,Non-functional,0.967,Germline,0.97,Germline,0.964
chr17,7669628,A,C,missense,E,A,107.0,moderately_radical,0.533,44,0.547,-0.0336,0,Functional,0.827,Germline,0.973,N/A,
chr17,7675098,G,T,missense,V,F,50.0,conservative,0.446,91,0.917,0.5464,37,Non-functional,0.917,Germline,0.983,Germline,0.931
chr17,7675199,C,T,missense,A,V,64.0,moderately_conservative,0.345,116,0.87,0.5174,25,Non-functional,0.699,Germline,0.602,Germline,0.617
chr17,7673767,G,A,missense,E,K,56.0,moderately_conservative,0.374,60,0.91,0.4445,160,Non-functional,0.876,Germline,0.951,Germline,0.969
